host,home,year,category,anti_avoidance_rule,appl_max,conduit,min_rate_max,rate_shopping,min_rate_max_no_aa,rate_shopping_no_aa,min_available,min_available_no_aa,rate_weighted_mean,advantage_over_rest,equally_more_advantageous_conduit_exists,treaty_in_place
COL,ESP,2004,dividends_subst,NA,7,1,7,0,7,0,7,7,7,0,1,0
COL,ESP,2004,interest_general,NA,39.55,0,39.55,0,39.55,0,39.55,39.55,39.55,0,0,0
COL,ESP,2004,land_rich,NA,35,1,35,0,35,0,35,35,35,0,1,0
COL,ESP,2004,royalties_general,NA,39.55,0,39.55,0,39.55,0,39.55,39.55,39.55,0,0,0
COL,ESP,2004,shares,NA,35,1,35,0,35,0,35,35,35,0,1,0
COL,ESP,2004,technical_services,NA,10,1,10,0,10,0,10,10,10,0,1,0
COL,ESP,2005,dividends_subst,NA,7,1,7,0,7,0,7,7,7,0,1,0
COL,ESP,2005,interest_general,NA,0,0,0,0,0,0,0,0,0,0,0,0
COL,ESP,2005,land_rich,NA,35,1,35,0,35,0,35,35,35,0,1,0
COL,ESP,2005,royalties_general,NA,39.55,0,39.55,0,39.55,0,39.55,39.55,39.55,0,0,0
COL,ESP,2005,shares,NA,35,1,35,0,35,0,35,35,35,0,1,0
COL,ESP,2005,technical_services,NA,10,1,10,0,10,0,10,10,10,0,1,0
COL,ESP,2006,dividends_subst,NA,7,1,7,0,7,0,7,7,7,0,1,0
COL,ESP,2006,interest_general,NA,0,0,0,0,0,0,0,0,0,0,0,0
COL,ESP,2006,land_rich,NA,35,1,35,0,35,0,35,35,35,0,1,0
COL,ESP,2006,royalties_general,NA,39.55,0,39.55,0,39.55,0,39.55,39.55,39.55,0,0,0
COL,ESP,2006,shares,NA,35,1,35,0,35,0,35,35,35,0,1,0
COL,ESP,2006,technical_services,NA,10,1,10,0,10,0,10,10,10,0,1,0
COL,ESP,2007,dividends_subst,NA,0,1,0,0,0,0,0,0,0,0,1,0
COL,ESP,2007,interest_general,NA,0,0,0,0,0,0,0,0,0,0,0,0
COL,ESP,2007,land_rich,NA,34,1,34,0,34,0,34,34,34,0,1,0
COL,ESP,2007,royalties_general,NA,34,0,34,0,34,0,34,34,34,0,0,0
COL,ESP,2007,shares,NA,34,1,34,0,34,0,34,34,34,0,1,0
COL,ESP,2007,technical_services,NA,10,1,10,0,10,0,10,10,10,0,1,0
COL,ESP,2008,dividends_subst,NA,0,1,0,0,0,0,0,0,0,0,1,1
COL,ESP,2008,interest_general,NA,0,0,0,0,0,0,0,0,0,0,0,1
COL,ESP,2008,land_rich,NA,33,1,33,0,33,0,33,33,33,0,1,1
COL,ESP,2008,royalties_general,NA,10,0,33,0,33,0,10,10,32.678719868384114,22.678719868384114,0,1
COL,ESP,2008,shares,NA,0,1,0,0,0,0,0,0,32.53903285463808,32.53903285463808,0,1
COL,ESP,2008,technical_services,NA,10,1,10,0,10,0,10,10,10,0,1,1
COL,ESP,2009,dividends_subst,NA,0,1,0,0,0,0,0,0,0,0,1,1
COL,ESP,2009,interest_general,NA,0,0,0,0,0,0,0,0,0,0,0,1
COL,ESP,2009,land_rich,NA,33,1,33,0,33,0,33,33,33,0,1,1
COL,ESP,2009,royalties_general,NA,10,0,33,0,33,0,10,10,32.678719868384114,22.678719868384114,0,1
COL,ESP,2009,shares,NA,0,1,0,0,0,0,0,0,32.53903285463808,32.53903285463808,0,1
COL,ESP,2009,technical_services,NA,10,1,10,0,10,0,10,10,10,0,1,1
COL,ESP,2010,dividends_subst,NA,0,1,0,0,0,0,0,0,0,0,1,1
COL,ESP,2010,interest_general,NA,10,0,15,0,15,0,10,10,32.59762290300735,22.59762290300735,0,1
COL,ESP,2010,land_rich,NA,33,1,33,0,33,0,33,33,33,0,1,1
COL,ESP,2010,royalties_general,NA,10,0,10,0,10,0,10,10,32.57509596818047,22.57509596818047,0,1
COL,ESP,2010,shares,NA,0,1,0,0,0,0,0,0,32.53903285463808,32.53903285463808,0,1
COL,ESP,2010,technical_services,NA,10,1,10,0,10,0,10,10,10,0,1,1
COL,ESP,2011,dividends_subst,NA,0,1,0,0,0,0,0,0,0,0,1,1
COL,ESP,2011,interest_general,NA,10,0,15,0,15,0,10,10,32.59762290300735,22.59762290300735,0,1
COL,ESP,2011,land_rich,NA,33,1,33,0,33,0,33,33,33,0,1,1
COL,ESP,2011,royalties_general,NA,10,0,10,0,10,0,10,10,32.57509596818047,22.57509596818047,0,1
COL,ESP,2011,shares,NA,0,1,0,0,0,0,0,0,32.53903285463808,32.53903285463808,0,1
COL,ESP,2011,technical_services,NA,10,1,10,0,10,0,10,10,10,0,1,1
COL,ESP,2012,dividends_subst,NA,0,1,0,0,0,0,0,0,0,0,1,1
COL,ESP,2012,interest_general,NA,10,0,15,0,15,0,10,10,31.876801750107703,21.876801750107703,0,1
COL,ESP,2012,land_rich,NA,33,1,33,0,33,0,33,33,33,0,1,1
COL,ESP,2012,royalties_general,NA,10,0,10,0,10,0,10,10,31.854274815280824,21.854274815280824,0,1
COL,ESP,2012,shares,NA,0,1,0,0,0,0,0,0,32.08590200561265,32.08590200561265,1,1
COL,ESP,2012,technical_services,NA,10,1,10,0,10,0,10,10,10,0,1,1
COL,ESP,2013,dividends_subst,NA,0,1,0,0,0,0,0,0,0,0,1,1
COL,ESP,2013,interest_general,NA,10,0,15,0,15,0,10,10,31.631632532648766,21.631632532648766,0,1
COL,ESP,2013,land_rich,NA,10,1,10,0,10,0,10,10,10,0,1,1
COL,ESP,2013,royalties_general,NA,10,0,10,0,10,0,10,10,31.609105597821884,21.609105597821884,0,1
COL,ESP,2013,shares,NA,0,1,0,0,0,0,0,0,9.72300060776141,9.72300060776141,1,1
COL,ESP,2013,technical_services,NA,10,1,10,0,10,0,10,10,10,0,1,1
COL,ESP,2014,dividends_subst,NA,0,1,0,0,0,0,0,0,0,0,1,1
COL,ESP,2014,interest_general,NA,10,0,15,0,15,0,10,10,31.31568841766488,21.31568841766488,0,1
COL,ESP,2014,land_rich,NA,10,1,10,0,10,0,10,10,10,0,1,1
COL,ESP,2014,royalties_general,NA,10,0,10,0,10,0,10,10,31.293161482838002,21.293161482838002,0,1
COL,ESP,2014,shares,NA,0,1,0,0,0,0,0,0,9.72300060776141,9.72300060776141,1,1
COL,ESP,2014,technical_services,NA,10,1,10,0,10,0,10,10,10,0,1,1
COL,ESP,2015,dividends_subst,NA,0,1,0,0,0,0,0,0,0,0,1,1
COL,ESP,2015,interest_general,NA,10,0,15,0,15,0,10,10,31.025444806510283,21.025444806510283,0,1
COL,ESP,2015,land_rich,NA,10,1,10,0,10,0,10,10,10,0,1,1
COL,ESP,2015,royalties_general,NA,10,0,10,0,10,0,10,10,31.0029178716834,21.0029178716834,0,1
COL,ESP,2015,shares,NA,0,1,0,0,0,0,0,0,9.72300060776141,9.72300060776141,1,1
COL,ESP,2015,technical_services,NA,10,1,10,0,10,0,10,10,10,0,1,1
COL,ESP,2016,dividends_subst,NA,0,1,0,0,0,0,0,0,0,0,1,1
COL,ESP,2016,interest_general,NA,10,0,15,0,15,0,10,10,30.803219720034598,20.803219720034598,0,1
COL,ESP,2016,land_rich,NA,10,1,10,0,10,0,10,10,10,0,1,1
COL,ESP,2016,royalties_general,NA,10,0,10,0,10,0,10,10,30.780692785207716,20.780692785207716,0,1
COL,ESP,2016,shares,NA,0,1,0,0,0,0,0,0,9.72300060776141,9.72300060776141,1,1
COL,ESP,2016,technical_services,NA,10,1,10,0,10,0,10,10,10,0,1,1
COL,ESP,2017,dividends_subst,NA,0,1,0,0,0,0,0,0,4.7856757130844905,4.7856757130844905,1,1
COL,ESP,2017,interest_general,NA,10,0,15,0,15,0,10,10,14.540068844654645,4.540068844654645,0,1
COL,ESP,2017,land_rich,NA,10,1,10,0,10,0,10,10,10,0,1,1
COL,ESP,2017,royalties_general,NA,10,0,10,0,10,0,10,10,24.817537464235066,14.817537464235066,0,1
COL,ESP,2017,shares,NA,0,1,0,0,0,0,0,0,9.72300060776141,9.72300060776141,1,1
COL,ESP,2017,technical_services,NA,10,1,10,0,10,0,10,10,14.517541909827765,4.517541909827765,1,1
COL,ESP,2018,dividends_subst,NA,0,1,0,0,0,0,0,0,4.7856757130844905,4.7856757130844905,1,1
COL,ESP,2018,interest_general,NA,10,0,15,0,15,0,10,10,14.540068844654645,4.540068844654645,0,1
COL,ESP,2018,land_rich,NA,10,1,10,0,10,0,10,10,10,0,1,1
COL,ESP,2018,royalties_general,NA,10,0,10,0,10,0,10,10,24.817537464235066,14.817537464235066,0,1
COL,ESP,2018,shares,NA,0,1,0,0,0,0,0,0,9.72300060776141,9.72300060776141,1,1
COL,ESP,2018,technical_services,NA,10,1,10,0,10,0,10,10,14.517541909827765,4.517541909827765,1,1
COL,ESP,2019,dividends_subst,NA,0,1,0,0,0,0,0,0,7.057247370707985,7.057247370707985,1,1
COL,ESP,2019,interest_general,NA,10,0,15,0,15,0,10,10,19.057610754482408,9.057610754482408,0,1
COL,ESP,2019,land_rich,NA,10,1,10,0,10,0,10,10,10,0,1,1
COL,ESP,2019,royalties_general,NA,10,0,10,0,10,0,10,10,19.03508381965553,9.03508381965553,0,1
COL,ESP,2019,shares,NA,0,1,0,0,0,0,0,0,9.72300060776141,9.72300060776141,1,1
COL,ESP,2019,technical_services,NA,10,1,10,0,10,0,10,10,19.03508381965553,9.03508381965553,1,1
COL,ESP,2020,dividends_subst,NA,0,1,0,0,0,0,0,0,9.200672135993603,9.200672135993603,1,1
COL,ESP,2020,interest_general,NA,10,0,15,0,15,0,10,10,18.80131696980666,8.80131696980666,0,1
COL,ESP,2020,land_rich,NA,10,1,10,0,10,0,10,10,10,0,1,1
COL,ESP,2020,royalties_general,NA,10,0,10,0,10,0,10,10,18.778790034979778,8.778790034979778,0,1
COL,ESP,2020,shares,NA,0,1,0,0,0,0,0,0,9.72300060776141,9.72300060776141,1,1
COL,ESP,2020,technical_services,NA,10,1,0,10,10,0,0,10,18.52249625030403,8.52249625030403,1,1
COL,ESP,2021,dividends_subst,NA,0,0,0,0,0,0,0,0,9.200672135993603,9.200672135993603,0,1
COL,ESP,2021,interest_general,NA,10,0,15,0,15,0,10,10,18.80131696980666,8.80131696980666,0,1
COL,ESP,2021,land_rich,NA,10,0,10,0,10,0,10,10,10,0,0,1
COL,ESP,2021,royalties_general,NA,10,0,10,0,10,0,10,10,18.778790034979778,8.778790034979778,0,1
COL,ESP,2021,shares,NA,0,0,0,0,0,0,0,0,9.72300060776141,9.72300060776141,0,1
COL,ESP,2021,technical_services,NA,10,1,0,10,10,0,0,10,18.52249625030403,8.52249625030403,1,1
IND,MUS,2004,dividends_subst,NA,0,1,0,0,0,0,0,0,0,0,1,1
IND,MUS,2004,interest_general,NA,20,1,10,10,10,10,10,10,15.32834621211682,-4.67165378788318,1,1
IND,MUS,2004,land_rich,NA,0,1,0,0,0,0,0,0,18.977070057680574,18.977070057680574,1,1
IND,MUS,2004,royalties_general,NA,15,1,10,5,10,5,10,10,16.8135076976706,1.8135076976706017,1,1
IND,MUS,2004,shares,NA,0,1,0,0,0,0,0,0,18.032101047839216,18.032101047839216,1,1
IND,MUS,2004,technical_services,NA,0,1,0,0,0,0,0,0,15.491441859302471,15.491441859302471,1,1
IND,MUS,2005,dividends_subst,NA,0,1,0,0,0,0,0,0,0,0,1,1
IND,MUS,2005,interest_general,NA,20,1,10,10,10,10,10,10,15.287597499941757,-4.712402500058243,1,1
IND,MUS,2005,land_rich,NA,0,1,0,0,0,0,0,0,18.808654902434178,18.808654902434178,1,1
IND,MUS,2005,royalties_general,NA,15,1,10,5,10,5,10,10,16.721518297551782,1.721518297551782,1,1
IND,MUS,2005,shares,NA,0,1,0,0,0,0,0,0,17.86368589259282,17.86368589259282,1,1
IND,MUS,2005,technical_services,NA,0,1,0,0,0,0,0,0,15.399452459183651,15.399452459183651,1,1
IND,MUS,2006,dividends_subst,NA,0,1,0,0,0,0,0,0,0,0,1,1
IND,MUS,2006,interest_general,NA,20,1,10,10,10,10,10,10,15.012595338057766,-4.987404661942234,1,1
IND,MUS,2006,land_rich,NA,0,1,0,0,0,0,0,0,18.808654902434178,18.808654902434178,1,1
IND,MUS,2006,royalties_general,NA,15,1,10,5,10,5,10,10,16.210923031810584,1.2109230318105837,1,1
IND,MUS,2006,shares,NA,0,1,0,0,0,0,0,0,17.93688983725379,17.93688983725379,1,1
IND,MUS,2006,technical_services,NA,0,1,0,0,0,0,0,0,15.32344142882638,15.32344142882638,1,1
IND,MUS,2007,dividends_subst,NA,0,1,0,0,0,0,0,0,0,0,1,1
IND,MUS,2007,interest_general,NA,20,1,10,10,10,10,10,10,14.934014577222044,-5.065985422777956,1,1
IND,MUS,2007,land_rich,NA,0,1,0,0,0,0,0,0,18.808654902434178,18.808654902434178,1,1
IND,MUS,2007,royalties_general,NA,15,1,10,5,10,5,10,10,16.132342270974863,1.1323422709748634,1,1
IND,MUS,2007,shares,NA,0,1,0,0,0,0,0,0,17.93688983725379,17.93688983725379,1,1
IND,MUS,2007,technical_services,NA,0,1,0,0,0,0,0,0,15.166279907154935,15.166279907154935,1,1
IND,MUS,2008,dividends_subst,NA,0,1,0,0,0,0,0,0,0,0,1,1
IND,MUS,2008,interest_general,NA,20,1,10,10,10,10,10,10,14.78276152067602,-5.21723847932398,1,1
IND,MUS,2008,land_rich,NA,0,1,0,0,0,0,0,0,19.136838914336472,19.136838914336472,1,1
IND,MUS,2008,royalties_general,NA,15,1,10,5,10,5,10,10,16.02319300324044,1.02319300324044,1,1
IND,MUS,2008,shares,NA,0,1,0,0,0,0,0,0,18.138243633870353,18.138243633870353,1,1
IND,MUS,2008,technical_services,NA,0,1,0,0,0,0,0,0,15.05713063942051,15.05713063942051,1,1
IND,MUS,2009,dividends_subst,NA,0,1,0,0,0,0,0,0,0,0,1,1
IND,MUS,2009,interest_general,NA,20,1,10,10,10,10,10,10,14.789117314722516,-5.210882685277484,1,1
IND,MUS,2009,land_rich,NA,0,1,0,0,0,0,0,0,19.187685266708446,19.187685266708446,1,1
IND,MUS,2009,royalties_general,NA,15,1,10,5,10,5,10,10,16.02319300324044,1.02319300324044,1,1
IND,MUS,2009,shares,NA,0,1,0,0,0,0,0,0,18.189089986242323,18.189089986242323,1,1
IND,MUS,2009,technical_services,NA,0,1,0,0,0,0,0,0,15.05713063942051,15.05713063942051,1,1
IND,MUS,2010,dividends_subst,NA,0,1,0,0,0,0,0,0,0,0,1,1
IND,MUS,2010,interest_general,NA,20,1,10,10,10,10,10,10,14.634020242009665,-5.365979757990335,1,1
IND,MUS,2010,land_rich,NA,0,1,0,0,0,0,0,0,19.187685266708446,19.187685266708446,1,1
IND,MUS,2010,royalties_general,NA,10,1,10,0,10,0,10,10,10,0,1,1
IND,MUS,2010,shares,NA,0,1,0,0,0,0,0,0,18.189089986242323,18.189089986242323,1,1
IND,MUS,2010,technical_services,NA,0,1,0,0,0,0,0,0,9.426222861687416,9.426222861687416,1,1
IND,MUS,2011,dividends_subst,NA,0,1,0,0,0,0,0,0,0,0,1,1
IND,MUS,2011,interest_general,NA,20,1,10,10,10,10,10,10,14.538227541848142,-5.461772458151858,1,1
IND,MUS,2011,land_rich,NA,0,1,0,0,0,0,0,0,19.187685266708446,19.187685266708446,1,1
IND,MUS,2011,royalties_general,NA,10,1,10,0,10,0,10,10,10,0,1,1
IND,MUS,2011,shares,NA,0,1,0,0,0,0,0,0,18.189089986242323,18.189089986242323,1,1
IND,MUS,2011,technical_services,NA,0,1,0,0,0,0,0,0,9.426222861687416,9.426222861687416,1,1
IND,MUS,2012,dividends_subst,NA,0,1,0,0,0,0,0,0,0,0,1,1
IND,MUS,2012,interest_general,NA,20,1,10,10,10,10,10,10,14.440230253490952,-5.559769746509048,1,1
IND,MUS,2012,land_rich,NA,0,1,0,0,0,0,0,0,19.21920085583672,19.21920085583672,1,1
IND,MUS,2012,royalties_general,NA,10,1,10,0,10,0,10,10,10,0,1,1
IND,MUS,2012,shares,NA,0,1,0,0,0,0,0,0,18.220605575370598,18.220605575370598,1,1
IND,MUS,2012,technical_services,NA,0,1,0,0,0,0,0,0,9.398675302287206,9.398675302287206,1,1
IND,MUS,2013,dividends_subst,NA,0,1,0,0,0,0,0,0,0,0,1,1
IND,MUS,2013,interest_general,NA,20,1,10,10,10,10,10,10,14.341078214343046,-5.658921785656954,1,1
IND,MUS,2013,land_rich,NA,0,1,0,0,0,0,0,0,19.05943199918082,19.05943199918082,1,1
IND,MUS,2013,royalties_general,NA,10,1,10,0,10,0,10,10,10,0,1,1
IND,MUS,2013,shares,NA,0,1,0,0,0,0,0,0,18.0608367187147,18.0608367187147,1,1
IND,MUS,2013,technical_services,NA,0,1,0,0,0,0,0,0,9.398675302287206,9.398675302287206,1,1
IND,MUS,2014,dividends_subst,NA,0,1,0,0,0,0,0,0,0,0,1,1
IND,MUS,2014,interest_general,NA,20,1,10,10,10,10,10,10,14.213802363156837,-5.786197636843163,1,1
IND,MUS,2014,land_rich,NA,0,1,0,0,0,0,0,0,19.05943199918082,19.05943199918082,1,1
IND,MUS,2014,royalties_general,NA,15,1,10,5,10,5,10,10,17.176888350338135,2.1768883503381353,1,1
IND,MUS,2014,shares,NA,0,1,0,0,0,0,0,0,18.0608367187147,18.0608367187147,1,1
IND,MUS,2014,technical_services,NA,0,1,0,0,0,0,0,0,15.476133520872041,15.476133520872041,1,1
IND,MUS,2015,dividends_subst,NA,0,1,0,0,0,0,0,0,0,0,1,1
IND,MUS,2015,interest_general,NA,20,1,10,10,10,10,10,10,14.165586486851346,-5.834413513148654,1,1
IND,MUS,2015,land_rich,NA,0,1,0,0,0,0,0,0,19.05943199918082,19.05943199918082,1,1
IND,MUS,2015,royalties_general,NA,15,1,10,5,10,5,10,10,17.086179934641645,2.0861799346416454,1,1
IND,MUS,2015,shares,NA,0,1,0,0,0,0,0,0,18.0608367187147,18.0608367187147,1,1
IND,MUS,2015,technical_services,NA,0,1,0,0,0,0,0,0,15.403809706413805,15.403809706413805,1,1
IND,MUS,2016,dividends_subst,NA,0,1,0,0,0,0,0,0,0,0,1,1
IND,MUS,2016,interest_general,NA,20,1,10,10,10,10,10,10,14.088506361307864,-5.911493638692136,1,1
IND,MUS,2016,land_rich,NA,0,1,0,0,0,0,0,0,19.15304525027622,19.15304525027622,1,1
IND,MUS,2016,royalties_general,NA,10,1,10,0,10,0,10,10,10,0,1,1
IND,MUS,2016,shares,NA,0,1,0,0,0,0,0,0,18.154449969810102,18.154449969810102,1,1
IND,MUS,2016,technical_services,NA,0,1,0,0,0,0,0,0,9.420935629450453,9.420935629450453,1,1
IND,MUS,2017,dividends_subst,OTHER,0,1,0,0,0,0,0,0,0,0,1,1
IND,MUS,2017,interest_general,OTHER,7.5,1,7.5,0,7.5,0,7.5,7.5,13.984863512781658,6.484863512781658,0,1
IND,MUS,2017,land_rich,OTHER,20,1,0,20,0,20,0,0,19.42752452195303,-0.5724754780469716,1,1
IND,MUS,2017,royalties_general,OTHER,10,1,10,0,10,0,10,10,10,0,1,1
IND,MUS,2017,shares,OTHER,20,1,0,20,0,20,0,0,18.736113457397174,-1.263886542602826,1,1
IND,MUS,2017,technical_services,OTHER,10,1,0,10,0,10,0,0,9.513865501267128,-0.48613449873287173,1,1
IND,MUS,2018,dividends_subst,OTHER,0,1,0,0,0,0,0,0,0,0,1,1
IND,MUS,2018,interest_general,OTHER,7.5,1,7.5,0,7.5,0,7.5,7.5,13.984863512781658,6.484863512781658,0,1
IND,MUS,2018,land_rich,OTHER,20,1,0,20,0,20,0,0,19.42752452195303,-0.5724754780469716,1,1
IND,MUS,2018,royalties_general,OTHER,10,1,10,0,10,0,10,10,10,0,1,1
IND,MUS,2018,shares,OTHER,20,1,0,20,0,20,0,0,18.736113457397174,-1.263886542602826,1,1
IND,MUS,2018,technical_services,OTHER,10,1,0,10,0,10,0,0,9.513865501267128,-0.48613449873287173,1,1
IND,MUS,2019,dividends_subst,OTHER,0,1,0,0,0,0,0,0,0,0,1,1
IND,MUS,2019,interest_general,OTHER,7.5,1,7.5,0,7.5,0,7.5,7.5,13.984863512781658,6.484863512781658,0,1
IND,MUS,2019,land_rich,OTHER,20,1,0,20,0,20,0,0,19.42752452195303,-0.5724754780469716,1,1
IND,MUS,2019,royalties_general,OTHER,10,1,10,0,10,0,10,10,10,0,1,1
IND,MUS,2019,shares,OTHER,20,1,0,20,0,20,0,0,18.736113457397174,-1.263886542602826,1,1
IND,MUS,2019,technical_services,OTHER,10,1,0,10,0,10,0,0,9.513865501267128,-0.48613449873287173,1,1
IND,MUS,2020,dividends_subst,OTHER,0,1,0,0,0,0,0,0,0,0,1,1
IND,MUS,2020,interest_general,OTHER,7.5,1,7.5,0,7.5,0,7.5,7.5,13.984863512781658,6.484863512781658,0,1
IND,MUS,2020,land_rich,OTHER,20,1,0,20,0,20,0,0,19.42752452195303,-0.5724754780469716,1,1
IND,MUS,2020,royalties_general,OTHER,10,1,10,0,10,0,10,10,10,0,1,1
IND,MUS,2020,shares,OTHER,20,1,0,20,0,20,0,0,18.736113457397174,-1.263886542602826,1,1
IND,MUS,2020,technical_services,OTHER,10,1,0,10,0,10,0,0,9.513865501267128,-0.48613449873287173,1,1
IND,MUS,2021,dividends_subst,OTHER,5,1,5,0,5,0,5,5,13.583202656275157,8.583202656275157,1,1
IND,MUS,2021,interest_general,OTHER,7.5,1,7.5,0,7.5,0,7.5,7.5,13.984863512781658,6.484863512781658,0,1
IND,MUS,2021,land_rich,OTHER,20,1,0,20,0,20,0,0,19.42752452195303,-0.5724754780469716,1,1
IND,MUS,2021,royalties_general,OTHER,10,1,10,0,10,0,10,10,10,0,1,1
IND,MUS,2021,shares,OTHER,20,1,0,20,0,20,0,0,18.736113457397174,-1.263886542602826,1,1
IND,MUS,2021,technical_services,OTHER,10,1,0,10,0,10,0,0,9.513865501267128,-0.48613449873287173,1,1
NGA,MUS,2004,dividends_subst,NA,10,1,10,0,10,0,10,10,10,0,1,0
NGA,MUS,2004,interest_general,NA,10,1,10,0,10,0,10,10,10,0,1,0
NGA,MUS,2004,land_rich,NA,0,1,0,0,0,0,0,0,0,0,1,0
NGA,MUS,2004,royalties_general,NA,10,1,10,0,10,0,10,10,10,0,1,0
NGA,MUS,2004,shares,NA,0,1,0,0,0,0,0,0,0,0,1,0
NGA,MUS,2004,technical_services,NA,10,1,0,10,0,10,0,0,9.005722430619416,-0.9942775693805839,1,0
NGA,MUS,2005,dividends_subst,NA,10,1,10,0,10,0,10,10,10,0,1,0
NGA,MUS,2005,interest_general,NA,10,1,10,0,10,0,10,10,10,0,1,0
NGA,MUS,2005,land_rich,NA,0,1,0,0,0,0,0,0,0,0,1,0
NGA,MUS,2005,royalties_general,NA,10,1,10,0,10,0,10,10,10,0,1,0
NGA,MUS,2005,shares,NA,0,1,0,0,0,0,0,0,0,0,1,0
NGA,MUS,2005,technical_services,NA,10,1,0,10,0,10,0,0,9.005722430619416,-0.9942775693805839,1,0
NGA,MUS,2006,dividends_subst,NA,10,1,10,0,10,0,10,10,10,0,1,0
NGA,MUS,2006,interest_general,NA,10,1,10,0,10,0,10,10,10,0,1,0
NGA,MUS,2006,land_rich,NA,0,1,0,0,0,0,0,0,0,0,1,0
NGA,MUS,2006,royalties_general,NA,10,1,10,0,10,0,10,10,10,0,1,0
NGA,MUS,2006,shares,NA,0,1,0,0,0,0,0,0,0,0,1,0
NGA,MUS,2006,technical_services,NA,10,1,0,10,0,10,0,0,9.005722430619416,-0.9942775693805839,1,0
NGA,MUS,2007,dividends_subst,NA,10,1,10,0,10,0,10,10,10,0,1,0
NGA,MUS,2007,interest_general,NA,10,1,10,0,10,0,10,10,10,0,1,0
NGA,MUS,2007,land_rich,NA,0,1,0,0,0,0,0,0,0,0,1,0
NGA,MUS,2007,royalties_general,NA,10,1,10,0,10,0,10,10,10,0,1,0
NGA,MUS,2007,shares,NA,0,1,0,0,0,0,0,0,0,0,1,0
NGA,MUS,2007,technical_services,NA,10,1,0,10,0,10,0,0,9.005722430619416,-0.9942775693805839,1,0
NGA,MUS,2008,dividends_subst,NA,10,1,10,0,10,0,10,10,10,0,1,0
NGA,MUS,2008,interest_general,NA,10,1,10,0,10,0,10,10,10,0,1,0
NGA,MUS,2008,land_rich,NA,0,1,0,0,0,0,0,0,0,0,1,0
NGA,MUS,2008,royalties_general,NA,10,1,10,0,10,0,10,10,10,0,1,0
NGA,MUS,2008,shares,NA,0,1,0,0,0,0,0,0,0,0,1,0
NGA,MUS,2008,technical_services,NA,10,1,0,10,0,10,0,0,9.005722430619416,-0.9942775693805839,1,0
NGA,MUS,2009,dividends_subst,NA,10,1,10,0,10,0,10,10,9.988731352498801,-0.011268647501198714,1,0
NGA,MUS,2009,interest_general,NA,10,1,10,0,10,0,10,10,9.988731352498801,-0.011268647501198714,1,0
NGA,MUS,2009,land_rich,NA,0,1,0,0,0,0,0,0,0,0,1,0
NGA,MUS,2009,royalties_general,NA,10,1,10,0,10,0,10,10,9.988731352498801,-0.011268647501198714,1,0
NGA,MUS,2009,shares,NA,0,1,0,0,0,0,0,0,0,0,1,0
NGA,MUS,2009,technical_services,NA,10,1,0,10,0,10,0,0,8.960647840614621,-1.0393521593853787,1,0
NGA,MUS,2010,dividends_subst,NA,10,1,10,0,10,0,10,10,9.83596064775594,-0.1640393522440604,1,0
NGA,MUS,2010,interest_general,NA,10,1,10,0,10,0,10,10,9.83596064775594,-0.1640393522440604,1,0
NGA,MUS,2010,land_rich,NA,0,1,0,0,0,0,0,0,0,0,1,0
NGA,MUS,2010,royalties_general,NA,10,1,10,0,10,0,10,10,9.83596064775594,-0.1640393522440604,1,0
NGA,MUS,2010,shares,NA,0,1,0,0,0,0,0,0,0,0,1,0
NGA,MUS,2010,technical_services,NA,10,1,0,10,0,10,0,0,8.349565021643174,-1.6504349783568255,1,0
NGA,MUS,2011,dividends_subst,NA,10,1,7.5,2.5,7.5,2.5,7.5,7.5,9.83596064775594,-0.1640393522440604,1,0
NGA,MUS,2011,interest_general,NA,10,1,7.5,2.5,7.5,2.5,7.5,7.5,9.83596064775594,-0.1640393522440604,1,0
NGA,MUS,2011,land_rich,NA,0,1,0,0,0,0,0,0,0,0,1,0
NGA,MUS,2011,royalties_general,NA,10,1,7.5,2.5,7.5,2.5,7.5,7.5,9.83596064775594,-0.1640393522440604,1,0
NGA,MUS,2011,shares,NA,0,1,0,0,0,0,0,0,0,0,1,0
NGA,MUS,2011,technical_services,NA,10,1,0,10,0,10,0,0,8.349565021643174,-1.6504349783568255,1,0
NGA,MUS,2012,dividends_subst,PARTIAL,7.5,1,7.5,0,7.5,0,7.5,7.5,9.830923739508936,2.330923739508936,1,1
NGA,MUS,2012,interest_general,PARTIAL,7.5,1,7.5,0,7.5,0,7.5,7.5,9.830923739508936,2.330923739508936,1,1
NGA,MUS,2012,land_rich,PARTIAL,0,1,0,0,0,0,0,0,0,0,1,1
NGA,MUS,2012,royalties_general,PARTIAL,7.5,1,7.5,0,7.5,0,7.5,7.5,9.830923739508936,2.330923739508936,1,1
NGA,MUS,2012,shares,PARTIAL,0,1,0,0,0,0,0,0,0,0,1,1
NGA,MUS,2012,technical_services,PARTIAL,0,1,0,0,0,0,0,0,8.329417388655155,8.329417388655155,1,1
NGA,MUS,2013,dividends_subst,PARTIAL,7.5,1,7.5,0,7.5,0,7.5,7.5,9.830923739508936,2.330923739508936,1,1
NGA,MUS,2013,interest_general,PARTIAL,7.5,1,7.5,0,7.5,0,7.5,7.5,9.830923739508936,2.330923739508936,1,1
NGA,MUS,2013,land_rich,PARTIAL,0,1,0,0,0,0,0,0,0,0,1,1
NGA,MUS,2013,royalties_general,PARTIAL,7.5,1,7.5,0,7.5,0,7.5,7.5,9.830923739508936,2.330923739508936,1,1
NGA,MUS,2013,shares,PARTIAL,0,1,0,0,0,0,0,0,0,0,1,1
NGA,MUS,2013,technical_services,PARTIAL,0,1,0,0,0,0,0,0,8.329417388655155,8.329417388655155,1,1
NGA,MUS,2014,dividends_subst,PARTIAL,7.5,1,7.5,0,7.5,0,7.5,7.5,9.830923739508936,2.330923739508936,1,1
NGA,MUS,2014,interest_general,PARTIAL,7.5,1,7.5,0,7.5,0,7.5,7.5,9.830923739508936,2.330923739508936,1,1
NGA,MUS,2014,land_rich,PARTIAL,0,1,0,0,0,0,0,0,0,0,1,1
NGA,MUS,2014,royalties_general,PARTIAL,7.5,1,7.5,0,7.5,0,7.5,7.5,9.830923739508936,2.330923739508936,1,1
NGA,MUS,2014,shares,PARTIAL,0,1,0,0,0,0,0,0,0,0,1,1
NGA,MUS,2014,technical_services,PARTIAL,0,1,0,0,0,0,0,0,8.303339297170501,8.303339297170501,1,1
NGA,MUS,2015,dividends_subst,PARTIAL,7.5,1,7.5,0,7.5,0,7.5,7.5,9.7701572551908,2.2701572551907994,1,1
NGA,MUS,2015,interest_general,PARTIAL,7.5,1,7.5,0,7.5,0,7.5,7.5,9.7701572551908,2.2701572551907994,1,1
NGA,MUS,2015,land_rich,PARTIAL,0,1,0,0,0,0,0,0,0,0,1,1
NGA,MUS,2015,royalties_general,PARTIAL,7.5,1,7.5,0,7.5,0,7.5,7.5,9.7701572551908,2.2701572551907994,1,1
NGA,MUS,2015,shares,PARTIAL,0,1,0,0,0,0,0,0,0,0,1,1
NGA,MUS,2015,technical_services,PARTIAL,0,1,0,0,0,0,0,0,8.060273359897954,8.060273359897954,1,1
NGA,MUS,2016,dividends_subst,PARTIAL,7.5,1,7.5,0,7.5,0,7.5,7.5,9.7701572551908,2.2701572551907994,1,1
NGA,MUS,2016,interest_general,PARTIAL,7.5,1,7.5,0,7.5,0,7.5,7.5,9.7701572551908,2.2701572551907994,1,1
NGA,MUS,2016,land_rich,PARTIAL,0,1,0,0,0,0,0,0,0,0,1,1
NGA,MUS,2016,royalties_general,PARTIAL,7.5,1,7.5,0,7.5,0,7.5,7.5,9.7701572551908,2.2701572551907994,1,1
NGA,MUS,2016,shares,PARTIAL,0,1,0,0,0,0,0,0,0,0,1,1
NGA,MUS,2016,technical_services,PARTIAL,0,1,0,0,0,0,0,0,8.060273359897954,8.060273359897954,1,1
NGA,MUS,2017,dividends_subst,PARTIAL,7.5,1,7.5,0,7.5,0,7.5,7.5,9.7701572551908,2.2701572551907994,1,1
NGA,MUS,2017,interest_general,PARTIAL,7.5,1,7.5,0,7.5,0,7.5,7.5,9.7701572551908,2.2701572551907994,1,1
NGA,MUS,2017,land_rich,PARTIAL,0,1,0,0,0,0,0,0,0,0,1,1
NGA,MUS,2017,royalties_general,PARTIAL,7.5,1,7.5,0,7.5,0,7.5,7.5,9.7701572551908,2.2701572551907994,1,1
NGA,MUS,2017,shares,PARTIAL,0,1,0,0,0,0,0,0,0,0,1,1
NGA,MUS,2017,technical_services,PARTIAL,0,1,0,0,0,0,0,0,8.060273359897954,8.060273359897954,1,1
NGA,MUS,2018,dividends_subst,PARTIAL,7.5,1,7.5,0,7.5,0,7.5,7.5,9.7701572551908,2.2701572551907994,1,1
NGA,MUS,2018,interest_general,PARTIAL,7.5,1,7.5,0,7.5,0,7.5,7.5,9.7701572551908,2.2701572551907994,1,1
NGA,MUS,2018,land_rich,PARTIAL,0,1,0,0,0,0,0,0,0,0,1,1
NGA,MUS,2018,royalties_general,PARTIAL,7.5,1,7.5,0,7.5,0,7.5,7.5,9.7701572551908,2.2701572551907994,1,1
NGA,MUS,2018,shares,PARTIAL,0,1,0,0,0,0,0,0,0,0,1,1
NGA,MUS,2018,technical_services,PARTIAL,0,1,0,0,0,0,0,0,8.060273359897954,8.060273359897954,1,1
NGA,MUS,2019,dividends_subst,PARTIAL,7.5,1,7.5,0,7.5,0,7.5,7.5,9.750777733092118,2.250777733092118,1,1
NGA,MUS,2019,interest_general,PARTIAL,7.5,1,7.5,0,7.5,0,7.5,7.5,9.750777733092118,2.250777733092118,1,1
NGA,MUS,2019,land_rich,PARTIAL,0,1,0,0,0,0,0,0,0,0,1,1
NGA,MUS,2019,royalties_general,PARTIAL,7.5,1,7.5,0,7.5,0,7.5,7.5,9.750777733092118,2.250777733092118,1,1
NGA,MUS,2019,shares,PARTIAL,0,1,0,0,0,0,0,0,0,0,1,1
NGA,MUS,2019,technical_services,PARTIAL,0,1,0,0,0,0,0,0,7.98275527150323,7.98275527150323,1,1
NGA,MUS,2020,dividends_subst,PARTIAL,7.5,1,7.5,0,7.5,0,7.5,7.5,9.750777733092118,2.250777733092118,1,1
NGA,MUS,2020,interest_general,PARTIAL,7.5,1,7.5,0,7.5,0,7.5,7.5,9.750777733092118,2.250777733092118,1,1
NGA,MUS,2020,land_rich,PARTIAL,0,1,0,0,0,0,0,0,0,0,1,1
NGA,MUS,2020,royalties_general,PARTIAL,7.5,1,7.5,0,7.5,0,7.5,7.5,9.750777733092118,2.250777733092118,1,1
NGA,MUS,2020,shares,PARTIAL,0,1,0,0,0,0,0,0,0,0,1,1
NGA,MUS,2020,technical_services,PARTIAL,0,1,0,0,0,0,0,0,7.98275527150323,7.98275527150323,1,1
NGA,MUS,2021,dividends_subst,PARTIAL,7.5,1,7.5,0,7.5,0,7.5,7.5,9.750777733092118,2.250777733092118,1,1
NGA,MUS,2021,interest_general,PARTIAL,7.5,1,7.5,0,7.5,0,7.5,7.5,9.750777733092118,2.250777733092118,1,1
NGA,MUS,2021,land_rich,PARTIAL,0,1,0,0,0,0,0,0,0,0,1,1
NGA,MUS,2021,royalties_general,PARTIAL,7.5,1,7.5,0,7.5,0,7.5,7.5,9.750777733092118,2.250777733092118,1,1
NGA,MUS,2021,shares,PARTIAL,0,1,0,0,0,0,0,0,0,0,1,1
NGA,MUS,2021,technical_services,PARTIAL,0,1,0,0,0,0,0,0,7.98275527150323,7.98275527150323,1,1
NGA,NLD,2004,dividends_subst,NA,10,1,10,0,10,0,10,10,10,0,1,1
NGA,NLD,2004,interest_general,NA,10,1,10,0,10,0,10,10,10,0,1,1
NGA,NLD,2004,land_rich,NA,0,1,0,0,0,0,0,0,0,0,1,1
NGA,NLD,2004,royalties_general,NA,10,1,10,0,10,0,10,10,10,0,1,1
NGA,NLD,2004,shares,NA,0,1,0,0,0,0,0,0,0,0,1,1
NGA,NLD,2004,technical_services,NA,0,1,0,0,0,0,0,0,9.005722430619416,9.005722430619416,1,1
NGA,NLD,2005,dividends_subst,NA,10,1,10,0,10,0,10,10,10,0,1,1
NGA,NLD,2005,interest_general,NA,10,1,10,0,10,0,10,10,10,0,1,1
NGA,NLD,2005,land_rich,NA,0,1,0,0,0,0,0,0,0,0,1,1
NGA,NLD,2005,royalties_general,NA,10,1,10,0,10,0,10,10,10,0,1,1
NGA,NLD,2005,shares,NA,0,1,0,0,0,0,0,0,0,0,1,1
NGA,NLD,2005,technical_services,NA,0,1,0,0,0,0,0,0,9.005722430619416,9.005722430619416,1,1
NGA,NLD,2006,dividends_subst,NA,10,1,10,0,10,0,10,10,10,0,1,1
NGA,NLD,2006,interest_general,NA,10,1,10,0,10,0,10,10,10,0,1,1
NGA,NLD,2006,land_rich,NA,0,1,0,0,0,0,0,0,0,0,1,1
NGA,NLD,2006,royalties_general,NA,10,1,10,0,10,0,10,10,10,0,1,1
NGA,NLD,2006,shares,NA,0,1,0,0,0,0,0,0,0,0,1,1
NGA,NLD,2006,technical_services,NA,0,1,0,0,0,0,0,0,9.005722430619416,9.005722430619416,1,1
NGA,NLD,2007,dividends_subst,NA,10,1,10,0,10,0,10,10,10,0,1,1
NGA,NLD,2007,interest_general,NA,10,1,10,0,10,0,10,10,10,0,1,1
NGA,NLD,2007,land_rich,NA,0,1,0,0,0,0,0,0,0,0,1,1
NGA,NLD,2007,royalties_general,NA,10,1,10,0,10,0,10,10,10,0,1,1
NGA,NLD,2007,shares,NA,0,1,0,0,0,0,0,0,0,0,1,1
NGA,NLD,2007,technical_services,NA,0,1,0,0,0,0,0,0,9.005722430619416,9.005722430619416,1,1
NGA,NLD,2008,dividends_subst,NA,10,1,10,0,10,0,10,10,10,0,1,1
NGA,NLD,2008,interest_general,NA,10,1,10,0,10,0,10,10,10,0,1,1
NGA,NLD,2008,land_rich,NA,0,1,0,0,0,0,0,0,0,0,1,1
NGA,NLD,2008,royalties_general,NA,10,1,10,0,10,0,10,10,10,0,1,1
NGA,NLD,2008,shares,NA,0,1,0,0,0,0,0,0,0,0,1,1
NGA,NLD,2008,technical_services,NA,0,1,0,0,0,0,0,0,9.005722430619416,9.005722430619416,1,1
NGA,NLD,2009,dividends_subst,NA,10,1,10,0,10,0,10,10,9.988731352498801,-0.011268647501198714,1,1
NGA,NLD,2009,interest_general,NA,10,1,10,0,10,0,10,10,9.988731352498801,-0.011268647501198714,1,1
NGA,NLD,2009,land_rich,NA,0,1,0,0,0,0,0,0,0,0,1,1
NGA,NLD,2009,royalties_general,NA,10,1,10,0,10,0,10,10,9.988731352498801,-0.011268647501198714,1,1
NGA,NLD,2009,shares,NA,0,1,0,0,0,0,0,0,0,0,1,1
NGA,NLD,2009,technical_services,NA,0,1,0,0,0,0,0,0,8.960647840614621,8.960647840614621,1,1
NGA,NLD,2010,dividends_subst,NA,10,1,10,0,10,0,10,10,9.83596064775594,-0.1640393522440604,1,1
NGA,NLD,2010,interest_general,NA,10,1,10,0,10,0,10,10,9.83596064775594,-0.1640393522440604,1,1
NGA,NLD,2010,land_rich,NA,0,1,0,0,0,0,0,0,0,0,1,1
NGA,NLD,2010,royalties_general,NA,10,1,10,0,10,0,10,10,9.83596064775594,-0.1640393522440604,1,1
NGA,NLD,2010,shares,NA,0,1,0,0,0,0,0,0,0,0,1,1
NGA,NLD,2010,technical_services,NA,0,1,0,0,0,0,0,0,8.349565021643174,8.349565021643174,1,1
NGA,NLD,2011,dividends_subst,NA,10,1,7.5,2.5,7.5,2.5,7.5,7.5,9.83596064775594,-0.1640393522440604,1,1
NGA,NLD,2011,interest_general,NA,10,1,7.5,2.5,7.5,2.5,7.5,7.5,9.83596064775594,-0.1640393522440604,1,1
NGA,NLD,2011,land_rich,NA,0,1,0,0,0,0,0,0,0,0,1,1
NGA,NLD,2011,royalties_general,NA,10,1,7.5,2.5,7.5,2.5,7.5,7.5,9.83596064775594,-0.1640393522440604,1,1
NGA,NLD,2011,shares,NA,0,1,0,0,0,0,0,0,0,0,1,1
NGA,NLD,2011,technical_services,NA,0,1,0,0,0,0,0,0,8.349565021643174,8.349565021643174,1,1
NGA,NLD,2012,dividends_subst,NA,10,1,7.5,2.5,7.5,2.5,7.5,7.5,9.830923739508936,-0.16907626049106383,1,1
NGA,NLD,2012,interest_general,NA,10,1,7.5,2.5,7.5,2.5,7.5,7.5,9.830923739508936,-0.16907626049106383,1,1
NGA,NLD,2012,land_rich,NA,0,1,0,0,0,0,0,0,0,0,1,1
NGA,NLD,2012,royalties_general,NA,10,1,7.5,2.5,7.5,2.5,7.5,7.5,9.830923739508936,-0.16907626049106383,1,1
NGA,NLD,2012,shares,NA,0,1,0,0,0,0,0,0,0,0,1,1
NGA,NLD,2012,technical_services,NA,0,1,0,0,0,0,0,0,8.329417388655155,8.329417388655155,1,1
NGA,NLD,2013,dividends_subst,NA,10,1,7.5,2.5,7.5,2.5,7.5,7.5,9.830923739508936,-0.16907626049106383,1,1
NGA,NLD,2013,interest_general,NA,10,1,7.5,2.5,7.5,2.5,7.5,7.5,9.830923739508936,-0.16907626049106383,1,1
NGA,NLD,2013,land_rich,NA,0,1,0,0,0,0,0,0,0,0,1,1
NGA,NLD,2013,royalties_general,NA,10,1,7.5,2.5,7.5,2.5,7.5,7.5,9.830923739508936,-0.16907626049106383,1,1
NGA,NLD,2013,shares,NA,0,1,0,0,0,0,0,0,0,0,1,1
NGA,NLD,2013,technical_services,NA,0,1,0,0,0,0,0,0,8.329417388655155,8.329417388655155,1,1
NGA,NLD,2014,dividends_subst,NA,10,1,7.5,2.5,7.5,2.5,7.5,7.5,9.830923739508936,-0.16907626049106383,1,1
NGA,NLD,2014,interest_general,NA,10,1,7.5,2.5,7.5,2.5,7.5,7.5,9.830923739508936,-0.16907626049106383,1,1
NGA,NLD,2014,land_rich,NA,0,1,0,0,0,0,0,0,0,0,1,1
NGA,NLD,2014,royalties_general,NA,10,1,7.5,2.5,7.5,2.5,7.5,7.5,9.830923739508936,-0.16907626049106383,1,1
NGA,NLD,2014,shares,NA,0,1,0,0,0,0,0,0,0,0,1,1
NGA,NLD,2014,technical_services,NA,0,1,0,0,0,0,0,0,8.303339297170501,8.303339297170501,1,1
NGA,NLD,2015,dividends_subst,NA,10,1,7.5,2.5,7.5,2.5,7.5,7.5,9.7701572551908,-0.22984274480920064,1,1
NGA,NLD,2015,interest_general,NA,10,1,7.5,2.5,7.5,2.5,7.5,7.5,9.7701572551908,-0.22984274480920064,1,1
NGA,NLD,2015,land_rich,NA,0,1,0,0,0,0,0,0,0,0,1,1
NGA,NLD,2015,royalties_general,NA,10,1,7.5,2.5,7.5,2.5,7.5,7.5,9.7701572551908,-0.22984274480920064,1,1
NGA,NLD,2015,shares,NA,0,1,0,0,0,0,0,0,0,0,1,1
NGA,NLD,2015,technical_services,NA,0,1,0,0,0,0,0,0,8.060273359897954,8.060273359897954,1,1
NGA,NLD,2016,dividends_subst,NA,10,1,7.5,2.5,7.5,2.5,7.5,7.5,9.7701572551908,-0.22984274480920064,1,1
NGA,NLD,2016,interest_general,NA,10,1,7.5,2.5,7.5,2.5,7.5,7.5,9.7701572551908,-0.22984274480920064,1,1
NGA,NLD,2016,land_rich,NA,0,1,0,0,0,0,0,0,0,0,1,1
NGA,NLD,2016,royalties_general,NA,10,1,7.5,2.5,7.5,2.5,7.5,7.5,9.7701572551908,-0.22984274480920064,1,1
NGA,NLD,2016,shares,NA,0,1,0,0,0,0,0,0,0,0,1,1
NGA,NLD,2016,technical_services,NA,0,1,0,0,0,0,0,0,8.060273359897954,8.060273359897954,1,1
NGA,NLD,2017,dividends_subst,NA,10,1,7.5,2.5,7.5,2.5,7.5,7.5,9.7701572551908,-0.22984274480920064,1,1
NGA,NLD,2017,interest_general,NA,10,1,7.5,2.5,7.5,2.5,7.5,7.5,9.7701572551908,-0.22984274480920064,1,1
NGA,NLD,2017,land_rich,NA,0,1,0,0,0,0,0,0,0,0,1,1
NGA,NLD,2017,royalties_general,NA,10,1,7.5,2.5,7.5,2.5,7.5,7.5,9.7701572551908,-0.22984274480920064,1,1
NGA,NLD,2017,shares,NA,0,1,0,0,0,0,0,0,0,0,1,1
NGA,NLD,2017,technical_services,NA,0,1,0,0,0,0,0,0,8.060273359897954,8.060273359897954,1,1
NGA,NLD,2018,dividends_subst,NA,10,1,7.5,2.5,7.5,2.5,7.5,7.5,9.7701572551908,-0.22984274480920064,1,1
NGA,NLD,2018,interest_general,NA,10,1,7.5,2.5,7.5,2.5,7.5,7.5,9.7701572551908,-0.22984274480920064,1,1
NGA,NLD,2018,land_rich,NA,0,1,0,0,0,0,0,0,0,0,1,1
NGA,NLD,2018,royalties_general,NA,10,1,7.5,2.5,7.5,2.5,7.5,7.5,9.7701572551908,-0.22984274480920064,1,1
NGA,NLD,2018,shares,NA,0,1,0,0,0,0,0,0,0,0,1,1
NGA,NLD,2018,technical_services,NA,0,1,0,0,0,0,0,0,8.060273359897954,8.060273359897954,1,1
NGA,NLD,2019,dividends_subst,NA,10,1,7.5,2.5,7.5,2.5,7.5,7.5,9.750777733092118,-0.24922226690788207,1,1
NGA,NLD,2019,interest_general,NA,10,1,7.5,2.5,7.5,2.5,7.5,7.5,9.750777733092118,-0.24922226690788207,1,1
NGA,NLD,2019,land_rich,NA,0,1,0,0,0,0,0,0,0,0,1,1
NGA,NLD,2019,royalties_general,NA,10,1,7.5,2.5,7.5,2.5,7.5,7.5,9.750777733092118,-0.24922226690788207,1,1
NGA,NLD,2019,shares,NA,0,1,0,0,0,0,0,0,0,0,1,1
NGA,NLD,2019,technical_services,NA,0,1,0,0,0,0,0,0,7.98275527150323,7.98275527150323,1,1
NGA,NLD,2020,dividends_subst,NA,10,1,7.5,2.5,7.5,2.5,7.5,7.5,9.750777733092118,-0.24922226690788207,1,1
NGA,NLD,2020,interest_general,NA,10,1,7.5,2.5,7.5,2.5,7.5,7.5,9.750777733092118,-0.24922226690788207,1,1
NGA,NLD,2020,land_rich,NA,0,1,0,0,0,0,0,0,0,0,1,1
NGA,NLD,2020,royalties_general,NA,10,1,7.5,2.5,7.5,2.5,7.5,7.5,9.750777733092118,-0.24922226690788207,1,1
NGA,NLD,2020,shares,NA,0,1,0,0,0,0,0,0,0,0,1,1
NGA,NLD,2020,technical_services,NA,0,1,0,0,0,0,0,0,7.98275527150323,7.98275527150323,1,1
NGA,NLD,2021,dividends_subst,NA,10,1,7.5,2.5,7.5,2.5,7.5,7.5,9.750777733092118,-0.24922226690788207,1,1
NGA,NLD,2021,interest_general,NA,10,1,7.5,2.5,7.5,2.5,7.5,7.5,9.750777733092118,-0.24922226690788207,1,1
NGA,NLD,2021,land_rich,NA,0,1,0,0,0,0,0,0,0,0,1,1
NGA,NLD,2021,royalties_general,NA,10,1,7.5,2.5,7.5,2.5,7.5,7.5,9.750777733092118,-0.24922226690788207,1,1
NGA,NLD,2021,shares,NA,0,1,0,0,0,0,0,0,0,0,1,1
NGA,NLD,2021,technical_services,NA,0,1,0,0,0,0,0,0,7.98275527150323,7.98275527150323,1,1
SEN,MUS,2004,dividends_subst,NA,10,1,0,10,0,10,0,0,9.911916112139423,-0.08808388786057719,1,0
SEN,MUS,2004,interest_general,NA,16,1,0,16,0,16,0,0,15.805846478301103,-0.19415352169889744,1,0
SEN,MUS,2004,land_rich,NA,35,1,0,35,0,35,0,0,33.54499651184693,-1.4550034881530678,1,0
SEN,MUS,2004,royalties_general,NA,20,1,0,20,0,20,0,0,19.203530778769263,-0.7964692212307369,1,0
SEN,MUS,2004,shares,NA,35,1,0,35,0,35,0,0,32.09853690980544,-2.901463090194561,1,0
SEN,MUS,2004,technical_services,NA,20,1,0,20,0,20,0,0,17.953253390500628,-2.0467466094993725,1,0
SEN,MUS,2005,dividends_subst,NA,0,1,0,0,0,0,0,0,9.89351541726176,9.89351541726176,1,1
SEN,MUS,2005,interest_general,NA,0,1,0,0,0,0,0,0,15.763604001286268,15.763604001286268,1,1
SEN,MUS,2005,land_rich,NA,0,1,0,0,0,0,0,0,31.497009766558385,31.497009766558385,1,1
SEN,MUS,2005,royalties_general,NA,0,1,0,0,0,0,0,0,19.145393780329645,19.145393780329645,1,1
SEN,MUS,2005,shares,NA,0,1,0,0,0,0,0,0,30.13320499891926,30.13320499891926,1,1
SEN,MUS,2005,technical_services,NA,0,1,0,0,0,0,0,0,17.873780783376723,17.873780783376723,1,1
SEN,MUS,2006,dividends_subst,NA,0,1,0,0,0,0,0,0,9.89351541726176,9.89351541726176,1,1
SEN,MUS,2006,interest_general,NA,0,1,0,0,0,0,0,0,19.380880142980736,19.380880142980736,1,1
SEN,MUS,2006,land_rich,NA,0,1,0,0,0,0,0,0,31.497009766558385,31.497009766558385,1,1
SEN,MUS,2006,royalties_general,NA,0,1,0,0,0,0,0,0,19.145393780329645,19.145393780329645,1,1
SEN,MUS,2006,shares,NA,0,1,0,0,0,0,0,0,30.13320499891926,30.13320499891926,1,1
SEN,MUS,2006,technical_services,NA,0,1,0,0,0,0,0,0,17.873780783376723,17.873780783376723,1,1
SEN,MUS,2007,dividends_subst,NA,0,1,0,0,0,0,0,0,9.89351541726176,9.89351541726176,1,1
SEN,MUS,2007,interest_general,NA,0,1,0,0,0,0,0,0,19.356849489307073,19.356849489307073,1,1
SEN,MUS,2007,land_rich,NA,0,1,0,0,0,0,0,0,23.861371035271503,23.861371035271503,1,1
SEN,MUS,2007,royalties_general,NA,0,1,0,0,0,0,0,0,19.121363126655982,19.121363126655982,1,1
SEN,MUS,2007,shares,NA,0,1,0,0,0,0,0,0,22.768108971057707,22.768108971057707,1,1
SEN,MUS,2007,technical_services,NA,0,1,0,0,0,0,0,0,17.84975012970306,17.84975012970306,1,1
SEN,MUS,2008,dividends_subst,NA,0,1,0,0,0,0,0,0,9.89351541726176,9.89351541726176,1,1
SEN,MUS,2008,interest_general,NA,0,1,0,0,0,0,0,0,19.356849489307073,19.356849489307073,1,1
SEN,MUS,2008,land_rich,NA,0,1,0,0,0,0,0,0,23.861371035271503,23.861371035271503,1,1
SEN,MUS,2008,royalties_general,NA,0,1,0,0,0,0,0,0,19.121363126655982,19.121363126655982,1,1
SEN,MUS,2008,shares,NA,0,1,0,0,0,0,0,0,22.768108971057707,22.768108971057707,1,1
SEN,MUS,2008,technical_services,NA,0,1,0,0,0,0,0,0,17.84975012970306,17.84975012970306,1,1
SEN,MUS,2009,dividends_subst,NA,0,1,0,0,0,0,0,0,9.89351541726176,9.89351541726176,1,1
SEN,MUS,2009,interest_general,NA,0,1,0,0,0,0,0,0,19.356849489307073,19.356849489307073,1,1
SEN,MUS,2009,land_rich,NA,0,1,0,0,0,0,0,0,23.861371035271503,23.861371035271503,1,1
SEN,MUS,2009,royalties_general,NA,0,1,0,0,0,0,0,0,19.121363126655982,19.121363126655982,1,1
SEN,MUS,2009,shares,NA,0,1,0,0,0,0,0,0,22.768108971057707,22.768108971057707,1,1
SEN,MUS,2009,technical_services,NA,0,1,0,0,0,0,0,0,17.84975012970306,17.84975012970306,1,1
SEN,MUS,2010,dividends_subst,NA,0,1,0,0,0,0,0,0,9.89351541726176,9.89351541726176,1,1
SEN,MUS,2010,interest_general,NA,0,1,0,0,0,0,0,0,19.29876432877782,19.29876432877782,0,1
SEN,MUS,2010,land_rich,NA,0,1,0,0,0,0,0,0,23.861371035271503,23.861371035271503,1,1
SEN,MUS,2010,royalties_general,NA,0,1,0,0,0,0,0,0,19.199753726841205,19.199753726841205,0,1
SEN,MUS,2010,shares,NA,0,1,0,0,0,0,0,0,22.477683168411456,22.477683168411456,1,1
SEN,MUS,2010,technical_services,NA,0,1,0,0,0,0,0,0,17.753885248300534,17.753885248300534,1,1
SEN,MUS,2011,dividends_subst,NA,0,1,0,0,0,0,0,0,9.89351541726176,9.89351541726176,1,1
SEN,MUS,2011,interest_general,NA,0,1,0,0,0,0,0,0,19.29876432877782,19.29876432877782,0,1
SEN,MUS,2011,land_rich,NA,0,1,0,0,0,0,0,0,23.861371035271503,23.861371035271503,1,1
SEN,MUS,2011,royalties_general,NA,0,1,0,0,0,0,0,0,19.199753726841205,19.199753726841205,0,1
SEN,MUS,2011,shares,NA,0,1,0,0,0,0,0,0,22.477683168411456,22.477683168411456,1,1
SEN,MUS,2011,technical_services,NA,0,1,0,0,0,0,0,0,17.753885248300534,17.753885248300534,1,1
SEN,MUS,2012,dividends_subst,NA,0,1,0,0,0,0,0,0,9.89351541726176,9.89351541726176,1,1
SEN,MUS,2012,interest_general,NA,0,1,0,0,0,0,0,0,19.15791562975767,19.15791562975767,0,1
SEN,MUS,2012,land_rich,NA,0,1,0,0,0,0,0,0,23.861371035271503,23.861371035271503,1,1
SEN,MUS,2012,royalties_general,NA,0,1,0,0,0,0,0,0,19.05890502782105,19.05890502782105,0,1
SEN,MUS,2012,shares,NA,0,1,0,0,0,0,0,0,22.125561420861075,22.125561420861075,1,1
SEN,MUS,2012,technical_services,NA,0,1,0,0,0,0,0,0,17.472187850260227,17.472187850260227,1,1
SEN,MUS,2013,dividends_subst,NA,0,1,0,0,0,0,0,0,9.89351541726176,9.89351541726176,0,1
SEN,MUS,2013,interest_general,NA,0,1,0,0,0,0,0,0,19.15791562975767,19.15791562975767,0,1
SEN,MUS,2013,land_rich,NA,0,1,0,0,0,0,0,0,23.861371035271503,23.861371035271503,1,1
SEN,MUS,2013,royalties_general,NA,0,1,0,0,0,0,0,0,19.05890502782105,19.05890502782105,0,1
SEN,MUS,2013,shares,NA,0,1,0,0,0,0,0,0,22.125561420861075,22.125561420861075,1,1
SEN,MUS,2013,technical_services,NA,0,1,0,0,0,0,0,0,17.472187850260227,17.472187850260227,1,1
SEN,MUS,2014,dividends_subst,NA,0,1,0,0,0,0,0,0,9.89351541726176,9.89351541726176,0,1
SEN,MUS,2014,interest_general,NA,0,1,0,0,0,0,0,0,19.15791562975767,19.15791562975767,0,1
SEN,MUS,2014,land_rich,NA,0,1,0,0,0,0,0,0,28.633645242325805,28.633645242325805,1,1
SEN,MUS,2014,royalties_general,NA,0,1,0,0,0,0,0,0,19.05890502782105,19.05890502782105,0,1
SEN,MUS,2014,shares,NA,0,1,0,0,0,0,0,0,26.55067370503329,26.55067370503329,1,1
SEN,MUS,2014,technical_services,NA,0,1,0,0,0,0,0,0,17.472187850260227,17.472187850260227,1,1
SEN,MUS,2015,dividends_subst,NA,0,1,0,0,0,0,0,0,9.85626968747316,9.85626968747316,0,1
SEN,MUS,2015,interest_general,NA,0,1,0,0,0,0,0,0,19.04617844039187,19.04617844039187,0,1
SEN,MUS,2015,land_rich,NA,0,1,0,0,0,0,0,0,28.633645242325805,28.633645242325805,1,1
SEN,MUS,2015,royalties_general,NA,0,1,0,0,0,0,0,0,18.947167838455254,18.947167838455254,0,1
SEN,MUS,2015,shares,NA,0,1,0,0,0,0,0,0,26.55067370503329,26.55067370503329,1,1
SEN,MUS,2015,technical_services,NA,0,1,0,0,0,0,0,0,17.32320493110583,17.32320493110583,1,1
SEN,MUS,2016,dividends_subst,NA,0,1,0,0,0,0,0,0,9.728002124304375,9.728002124304375,0,1
SEN,MUS,2016,interest_general,NA,0,1,0,0,0,0,0,0,18.789643314054302,18.789643314054302,0,1
SEN,MUS,2016,land_rich,NA,0,1,0,0,0,0,0,0,28.633645242325805,28.633645242325805,1,1
SEN,MUS,2016,royalties_general,NA,0,1,0,0,0,0,0,0,18.690632712117687,18.690632712117687,0,1
SEN,MUS,2016,shares,NA,0,1,0,0,0,0,0,0,26.55067370503329,26.55067370503329,1,1
SEN,MUS,2016,technical_services,NA,0,1,0,0,0,0,0,0,16.810134678430693,16.810134678430693,1,1
SEN,MUS,2017,dividends_subst,NA,0,1,0,0,0,0,0,0,9.70176469988787,9.70176469988787,0,1
SEN,MUS,2017,interest_general,NA,0,1,0,0,0,0,0,0,18.73716846522129,18.73716846522129,0,1
SEN,MUS,2017,land_rich,NA,0,1,0,0,0,0,0,0,28.633645242325805,28.633645242325805,1,1
SEN,MUS,2017,royalties_general,NA,0,1,0,0,0,0,0,0,18.638157863284675,18.638157863284675,0,1
SEN,MUS,2017,shares,NA,0,1,0,0,0,0,0,0,26.55067370503329,26.55067370503329,1,1
SEN,MUS,2017,technical_services,NA,0,1,0,0,0,0,0,0,16.747164859831077,16.747164859831077,1,1
SEN,MUS,2018,dividends_subst,NA,0,1,0,0,0,0,0,0,9.70176469988787,9.70176469988787,0,1
SEN,MUS,2018,interest_general,NA,0,1,0,0,0,0,0,0,18.73716846522129,18.73716846522129,0,1
SEN,MUS,2018,land_rich,NA,0,1,0,0,0,0,0,0,28.633645242325805,28.633645242325805,1,1
SEN,MUS,2018,royalties_general,NA,0,1,0,0,0,0,0,0,18.638157863284675,18.638157863284675,0,1
SEN,MUS,2018,shares,NA,0,1,0,0,0,0,0,0,26.55067370503329,26.55067370503329,1,1
SEN,MUS,2018,technical_services,NA,0,1,0,0,0,0,0,0,16.747164859831077,16.747164859831077,1,1
SEN,MUS,2019,dividends_subst,NA,10,1,5,5,5,5,5,5,9.65589139019918,-0.3441086098008199,1,0
SEN,MUS,2019,interest_general,NA,20,1,5,15,5,15,5,5,18.64542184584391,-1.3545781541560906,1,0
SEN,MUS,2019,land_rich,NA,30,1,0,30,0,30,0,0,28.688847326958797,-1.311152673041203,1,0
SEN,MUS,2019,royalties_general,NA,20,1,5,15,5,15,5,5,18.546411243907293,-1.4535887560927065,1,0
SEN,MUS,2019,shares,NA,30,1,0,30,0,30,0,0,26.605875789666282,-3.394124210333718,1,0
SEN,MUS,2019,technical_services,NA,20,1,0,20,0,20,0,0,16.526870231320988,-3.473129768679012,1,0
SEN,MUS,2020,dividends_subst,NA,10,1,5,5,5,5,5,5,9.65589139019918,-0.3441086098008199,1,0
SEN,MUS,2020,interest_general,NA,20,1,5,15,5,15,5,5,18.64542184584391,-1.3545781541560906,1,0
SEN,MUS,2020,land_rich,NA,30,1,0,30,0,30,0,0,28.688847326958797,-1.311152673041203,1,0
SEN,MUS,2020,royalties_general,NA,20,1,5,15,5,15,5,5,18.546411243907293,-1.4535887560927065,1,0
SEN,MUS,2020,shares,NA,30,1,0,30,0,30,0,0,26.605875789666282,-3.394124210333718,1,0
SEN,MUS,2020,technical_services,NA,20,1,0,20,0,20,0,0,16.526870231320988,-3.473129768679012,1,0
SEN,MUS,2021,dividends_subst,NA,10,1,5,5,5,5,5,5,9.65589139019918,-0.3441086098008199,1,0
SEN,MUS,2021,interest_general,NA,20,1,5,15,5,15,5,5,18.64542184584391,-1.3545781541560906,1,0
SEN,MUS,2021,land_rich,NA,30,1,0,30,0,30,0,0,28.688847326958797,-1.311152673041203,1,0
SEN,MUS,2021,royalties_general,NA,20,1,5,15,5,15,5,5,18.546411243907293,-1.4535887560927065,1,0
SEN,MUS,2021,shares,NA,30,1,0,30,0,30,0,0,26.605875789666282,-3.394124210333718,1,0
SEN,MUS,2021,technical_services,NA,20,1,0,20,0,20,0,0,16.526870231320988,-3.473129768679012,1,0
